{
  "project_info": {
    "project_number": "522169383138",
    "project_id": "testing-f0e28",
    "storage_bucket": "testing-f0e28.appspot.com"
  },
  "client": [
    {
      "client_info": {
        "mobilesdk_app_id": "1:522169383138:android:1317bd072e7b633dab86bb",
        "android_client_info": {
          "package_name": "com.example.project"
        }
      },
      "oauth_client": [
        {
          "client_id": "522169383138-2dg97tkdddhb0tseqt0tn7l36621t96k.apps.googleusercontent.com",
          "client_type": 3
        }
      ],
      "api_key": [
        {
          "current_key": "AIzaSyCz1fZRna1gx3p_-NGeR-vSO91SLJJ2-30"
        }
      ],
      "services": {
        "appinvite_service": {
          "other_platform_oauth_client": [
            {
              "client_id": "522169383138-2dg97tkdddhb0tseqt0tn7l36621t96k.apps.googleusercontent.com",
              "client_type": 3
            }
          ]
        }
      }
    }
  ],
  "configuration_version": "1"
}